{
    "name": "simple-pagination",
    "version": "1.0.8",
    "title": "jQuery Simple Pagination",
    "description": "A simple, yet robustly customizable pagination plugin for jQuery.",
    "keywords": ["page", "pager", "paging", "paginate", "pagination", "simple"],
    "author": {
        "name": "Douglas Denhartog",
        "url": "http://denhartog.com/"
    },
    "licenses": [
        {
            "type": "MIT",
            "url": "https://github.com/ddenhartog/jquery-simple-pagination/blob/master/README.md/"
        }
    ],
    "dependencies": {
        "jquery": ">=1.7.0"
    }
}